1,Aeriela,Gilbertson,Aeriela.Gilbertson@yopmail.com,69
2,Lynnea,Carleen,Lynnea.Carleen@yopmail.com,19
3,Myriam,Dowski,Myriam.Dowski@yopmail.com,24
4,Reeba,Matthew,Reeba.Matthew@yopmail.com,27
5,Kathy,Margarete,Kathy.Margarete@yopmail.com,33
6,Quintina,Chabot,Quintina.Chabot@yopmail.com,48
7,Christal,Bryna,Christal.Bryna@yopmail.com,30
8,Mariann,Lauraine,Mariann.Lauraine@yopmail.com,49
9,Livvyy,Pierette,Livvyy.Pierette@yopmail.com,65
10,Dawn,Justinn,Dawn.Justinn@yopmail.com,50